{
  "id": "d6e6eecc-0fbc-4d48-b94c-34e6f02d54a8",
  "generation": 0,
  "iteration": 17,
  "current_iteration": 25,
  "metrics": {
    "combined_score": 157.4265915867766,
    "geomean_us": 6352.167,
    "pass_rate": 1.0
  },
  "language": "python",
  "timestamp": 1781309216.6786013,
  "saved_at": 1781309566.297903
}