{
  "id": "e4101376-6b69-4303-9d4a-a30bc342eb5a",
  "generation": 0,
  "iteration": 18,
  "timestamp": 1781682051.7317736,
  "parent_id": "fb6581ec-97ad-4a9d-abb6-b21c3a8c1532",
  "metrics": {
    "combined_score": 116.80230334142189,
    "geomean_us": 8561.475,
    "pass_rate": 1.0
  },
  "language": "python",
  "saved_at": 1781682263.5299876
}