{
  "id": "da75634c-3b7a-4e6e-b89f-6a8f0f11a05e",
  "generation": 0,
  "iteration": 4,
  "current_iteration": 5,
  "metrics": {
    "combined_score": 107.62976651874749,
    "geomean_us": 9291.11,
    "pass_rate": 1.0
  },
  "language": "python",
  "timestamp": 1781308603.894291,
  "saved_at": 1781308659.9351904
}