{
  "id": "842b439c-879c-459a-954c-e6494e5c7519",
  "generation": 0,
  "iteration": 20,
  "timestamp": 1781850807.8290572,
  "parent_id": "92960e80-4fb1-419a-9d86-207dd8701d0c",
  "metrics": {
    "combined_score": 181.5715086704027,
    "geomean_us": 5507.472,
    "pass_rate": 1.0
  },
  "language": "python",
  "saved_at": 1781851047.352995
}