{
  "id": "e4101376-6b69-4303-9d4a-a30bc342eb5a",
  "generation": 0,
  "iteration": 18,
  "current_iteration": 25,
  "metrics": {
    "combined_score": 116.80230334142189,
    "geomean_us": 8561.475,
    "pass_rate": 1.0
  },
  "language": "python",
  "timestamp": 1781682051.7317736,
  "saved_at": 1781682263.460225
}