{
  "id": "d6e6eecc-0fbc-4d48-b94c-34e6f02d54a8",
  "generation": 0,
  "iteration": 17,
  "timestamp": 1781309216.6786013,
  "parent_id": "2203f024-2097-4f61-8e8c-9d283435768d",
  "metrics": {
    "combined_score": 157.4265915867766,
    "geomean_us": 6352.167,
    "pass_rate": 1.0,
    "test_combined_score": 160.04814248125837,
    "test_geomean_us": 6248.12,
    "test_pass_rate": 1.0
  },
  "language": "python",
  "saved_at": 1781309582.8223605
}