{
  "id": "fb6581ec-97ad-4a9d-abb6-b21c3a8c1532",
  "generation": 0,
  "iteration": 5,
  "current_iteration": 15,
  "metrics": {
    "combined_score": 116.18948227244785,
    "geomean_us": 8606.631,
    "pass_rate": 1.0
  },
  "language": "python",
  "timestamp": 1781681668.0210958,
  "saved_at": 1781681953.7625132
}