{
  "id": "0fcc943b-1bc4-4fbc-9246-c499c1c7adef",
  "generation": 0,
  "iteration": 10,
  "current_iteration": 10,
  "metrics": {
    "combined_score": 156.66543266527538,
    "geomean_us": 6383.029,
    "pass_rate": 1.0
  },
  "language": "python",
  "timestamp": 1781850166.914257,
  "saved_at": 1781850166.9155085
}