{
  "id": "b2f563f1-70a7-4369-923d-e4dea5293420",
  "generation": 0,
  "iteration": 5,
  "current_iteration": 5,
  "metrics": {
    "combined_score": 107.86084441019264,
    "geomean_us": 9271.205,
    "pass_rate": 1.0
  },
  "language": "python",
  "timestamp": 1781849881.3766656,
  "saved_at": 1781849881.3776083
}