{
  "id": "842b439c-879c-459a-954c-e6494e5c7519",
  "generation": 0,
  "iteration": 20,
  "current_iteration": 20,
  "metrics": {
    "combined_score": 181.5715086704027,
    "geomean_us": 5507.472,
    "pass_rate": 1.0
  },
  "language": "python",
  "timestamp": 1781850807.8290572,
  "saved_at": 1781850807.8315566
}